{
  "name": "326-Final-Project",
  "version": "1.0.0",
  "lockfileVersion": 3,
  "requires": true,
  "packages": {
    "": {
      "version": "1.0.0",
      "license": "AGPL-version-3.0",
      "devDependencies": {
        "html-validate": "^8.17.1",
        "http-server": "^14.1.1",
        "prettier": "^3.2.5"
      },
      "engines": {
        "node": ">= 14.0.0",
        "npm": ">= 6.0.0"
      }
    },
    "node_modules/@babel/code-frame": {
      "version": "7.24.2",
      "resolved": "https://registry.npmjs.org/@babel/code-frame/-/code-frame-7.24.2.tgz",
      "integrity": "sha512-y5+tLQyV8pg3fsiln67BVLD1P13Eg4lh5RW9mF0zUuvLrv9uIQ4MCL+CRT+FTsBlBjcIan6PGsLcBN0m3ClUyQ==",
      "dev": true,
      "dependencies": {
        "@babel/highlight": "^7.24.2",
        "picocolors": "^1.0.0"
      },
      "engines": {
        "node": ">=6.9.0"
      }
    },
    "node_modules/@babel/helper-validator-identifier": {
      "version": "7.22.20",
      "resolved": "https://registry.npmjs.org/@babel/helper-validator-identifier/-/helper-validator-identifier-7.22.20.tgz",
      "integrity": "sha512-Y4OZ+ytlatR8AI+8KZfKuL5urKp7qey08ha31L8b3BwewJAoJamTzyvxPR/5D+KkdJCGPq/+8TukHBlY10FX9A==",
      "dev": true,
      "engines": {
        "node": ">=6.9.0"
      }
    },
    "node_modules/@babel/highlight": {
      "version": "7.24.2",
      "resolved": "https://registry.npmjs.org/@babel/highlight/-/highlight-7.24.2.tgz",
      "integrity": "sha512-Yac1ao4flkTxTteCDZLEvdxg2fZfz1v8M4QpaGypq/WPDqg3ijHYbDfs+LG5hvzSoqaSZ9/Z9lKSP3CjZjv+pA==",
      "dev": true,
      "dependencies": {
        "@babel/helper-validator-identifier": "^7.22.20",
        "chalk": "^2.4.2",
        "js-tokens": "^4.0.0",
        "picocolors": "^1.0.0"
      },
      "engines": {
        "node": ">=6.9.0"
      }
    },
    "node_modules/@html-validate/stylish": {
      "version": "4.2.0",
      "resolved": "https://registry.npmjs.org/@html-validate/stylish/-/stylish-4.2.0.tgz",
      "integrity": "sha512-Nl8HCv0hGRSLQ+n1OD4Hk3a+Urwk9HH0vQkAzzCarT4KlA7bRl+6xEiS5PZVwOmjtC7XiH/oNe3as9Fxcr2A1w==",
      "dev": true,
      "dependencies": {
        "kleur": "^4.0.0"
      },
      "engines": {
        "node": ">= 16"
      }
    },
    "node_modules/@isaacs/cliui": {
      "version": "8.0.2",
      "resolved": "https://registry.npmjs.org/@isaacs/cliui/-/cliui-8.0.2.tgz",
      "integrity": "sha512-O8jcjabXaleOG9DQ0+ARXWZBTfnP4WNAqzuiJK7ll44AmxGKv/J2M4TPjxjY3znBCfvBXFzucm1twdyFybFqEA==",
      "dev": true,
      "dependencies": {
        "string-width": "^5.1.2",
        "string-width-cjs": "npm:string-width@^4.2.0",
        "strip-ansi": "^7.0.1",
        "strip-ansi-cjs": "npm:strip-ansi@^6.0.1",
        "wrap-ansi": "^8.1.0",
        "wrap-ansi-cjs": "npm:wrap-ansi@^7.0.0"
      },
      "engines": {
        "node": ">=12"
      }
    },
    "node_modules/@pkgjs/parseargs": {
      "version": "0.11.0",
      "resolved": "https://registry.npmjs.org/@pkgjs/parseargs/-/parseargs-0.11.0.tgz",
      "integrity": "sha512-+1VkjdD0QBLPodGrJUeqarH8VAIvQODIbwh9XpP5Syisf7YoQgsJKPNFoqqLQlu+VQ/tVSshMR6loPMn8U+dPg==",
      "dev": true,
      "optional": true,
      "engines": {
        "node": ">=14"
      }
    },
    "node_modules/@sidvind/better-ajv-errors": {
      "version": "2.1.3",
      "resolved": "https://registry.npmjs.org/@sidvind/better-ajv-errors/-/better-ajv-errors-2.1.3.tgz",
      "integrity": "sha512-lWuod/rh7Xz5uXiEGSfm2Sd5PG7K/6yJfoAZVqzsEswjPJhUz15R7Gn/o8RczA041QS15hBd/BCSeu9vwPArkA==",
      "dev": true,
      "dependencies": {
        "@babel/code-frame": "^7.16.0",
        "chalk": "^4.1.0"
      },
      "engines": {
        "node": ">= 16.14"
      },
      "peerDependencies": {
        "ajv": "4.11.8 - 8"
      }
    },
    "node_modules/@sidvind/better-ajv-errors/node_modules/ansi-styles": {
      "version": "4.3.0",
      "resolved": "https://registry.npmjs.org/ansi-styles/-/ansi-styles-4.3.0.tgz",
      "integrity": "sha512-zbB9rCJAT1rbjiVDb2hqKFHNYLxgtk8NURxZ3IZwD3F6NtxbXZQCnnSi1Lkx+IDohdPlFp222wVALIheZJQSEg==",
      "dev": true,
      "dependencies": {
        "color-convert": "^2.0.1"
      },
      "engines": {
        "node": ">=8"
      },
      "funding": {
        "url": "https://github.com/chalk/ansi-styles?sponsor=1"
      }
    },
    "node_modules/@sidvind/better-ajv-errors/node_modules/chalk": {
      "version": "4.1.2",
      "resolved": "https://registry.npmjs.org/chalk/-/chalk-4.1.2.tgz",
      "integrity": "sha512-oKnbhFyRIXpUuez8iBMmyEa4nbj4IOQyuhc/wy9kY7/WVPcwIO9VA668Pu8RkO7+0G76SLROeyw9CpQ061i4mA==",
      "dev": true,
      "dependencies": {
        "ansi-styles": "^4.1.0",
        "supports-color": "^7.1.0"
      },
      "engines": {
        "node": ">=10"
      },
      "funding": {
        "url": "https://github.com/chalk/chalk?sponsor=1"
      }
    },
    "node_modules/@sidvind/better-ajv-errors/node_modules/color-convert": {
      "version": "2.0.1",
      "resolved": "https://registry.npmjs.org/color-convert/-/color-convert-2.0.1.tgz",
      "integrity": "sha512-RRECPsj7iu/xb5oKYcsFHSppFNnsj/52OVTRKb4zP5onXwVF3zVmmToNcOfGC+CRDpfK/U584fMg38ZHCaElKQ==",
      "dev": true,
      "dependencies": {
        "color-name": "~1.1.4"
      },
      "engines": {
        "node": ">=7.0.0"
      }
    },
    "node_modules/@sidvind/better-ajv-errors/node_modules/color-name": {
      "version": "1.1.4",
      "resolved": "https://registry.npmjs.org/color-name/-/color-name-1.1.4.tgz",
      "integrity": "sha512-dOy+3AuW3a2wNbZHIuMZpTcgjGuLU/uBL/ubcZF9OXbDo8ff4O8yVp5Bf0efS8uEoYo5q4Fx7dY9OgQGXgAsQA==",
      "dev": true
    },
    "node_modules/@sidvind/better-ajv-errors/node_modules/has-flag": {
      "version": "4.0.0",
      "resolved": "https://registry.npmjs.org/has-flag/-/has-flag-4.0.0.tgz",
      "integrity": "sha512-EykJT/Q1KjTWctppgIAgfSO0tKVuZUjhgMr17kqTumMl6Afv3EISleU7qZUzoXDFTAHTDC4NOoG/ZxU3EvlMPQ==",
      "dev": true,
      "engines": {
        "node": ">=8"
      }
    },
    "node_modules/@sidvind/better-ajv-errors/node_modules/supports-color": {
      "version": "7.2.0",
      "resolved": "https://registry.npmjs.org/supports-color/-/supports-color-7.2.0.tgz",
      "integrity": "sha512-qpCAvRl9stuOHveKsn7HncJRvv501qIacKzQlO/+Lwxc9+0q2wLyv4Dfvt80/DPn2pqOBsJdDiogXGR9+OvwRw==",
      "dev": true,
      "dependencies": {
        "has-flag": "^4.0.0"
      },
      "engines": {
        "node": ">=8"
      }
    },
    "node_modules/ajv": {
      "version": "8.12.0",
      "resolved": "https://registry.npmjs.org/ajv/-/ajv-8.12.0.tgz",
      "integrity": "sha512-sRu1kpcO9yLtYxBKvqfTeh9KzZEwO3STyX1HT+4CaDzC6HpTGYhIhPIzj9XuKU7KYDwnaeh5hcOwjy1QuJzBPA==",
      "dev": true,
      "dependencies": {
        "fast-deep-equal": "^3.1.1",
        "json-schema-traverse": "^1.0.0",
        "require-from-string": "^2.0.2",
        "uri-js": "^4.2.2"
      },
      "funding": {
        "type": "github",
        "url": "https://github.com/sponsors/epoberezkin"
      }
    },
    "node_modules/ansi-regex": {
      "version": "6.0.1",
      "resolved": "https://registry.npmjs.org/ansi-regex/-/ansi-regex-6.0.1.tgz",
      "integrity": "sha512-n5M855fKb2SsfMIiFFoVrABHJC8QtHwVx+mHWP3QcEqBHYienj5dHSgjbxtC0WEZXYt4wcD6zrQElDPhFuZgfA==",
      "dev": true,
      "engines": {
        "node": ">=12"
      },
      "funding": {
        "url": "https://github.com/chalk/ansi-regex?sponsor=1"
      }
    },
    "node_modules/ansi-styles": {
      "version": "3.2.1",
      "resolved": "https://registry.npmjs.org/ansi-styles/-/ansi-styles-3.2.1.tgz",
      "integrity": "sha512-VT0ZI6kZRdTh8YyJw3SMbYm/u+NqfsAxEpWO0Pf9sq8/e94WxxOpPKx9FR1FlyCtOVDNOQ+8ntlqFxiRc+r5qA==",
      "dev": true,
      "dependencies": {
        "color-convert": "^1.9.0"
      },
      "engines": {
        "node": ">=4"
      }
    },
    "node_modules/async": {
      "version": "2.6.4",
      "resolved": "https://registry.npmjs.org/async/-/async-2.6.4.tgz",
      "integrity": "sha512-mzo5dfJYwAn29PeiJ0zvwTo04zj8HDJj0Mn8TD7sno7q12prdbnasKJHhkm2c1LgrhlJ0teaea8860oxi51mGA==",
      "dev": true,
      "dependencies": {
        "lodash": "^4.17.14"
      }
    },
    "node_modules/balanced-match": {
      "version": "1.0.2",
      "resolved": "https://registry.npmjs.org/balanced-match/-/balanced-match-1.0.2.tgz",
      "integrity": "sha512-3oSeUO0TMV67hN1AmbXsK4yaqU7tjiHlbxRDZOpH0KW9+CeX4bRAaX0Anxt0tx2MrpRpWwQaPwIlISEJhYU5Pw==",
      "dev": true
    },
    "node_modules/basic-auth": {
      "version": "2.0.1",
      "resolved": "https://registry.npmjs.org/basic-auth/-/basic-auth-2.0.1.tgz",
      "integrity": "sha512-NF+epuEdnUYVlGuhaxbbq+dvJttwLnGY+YixlXlME5KpQ5W3CnXA5cVTneY3SPbPDRkcjMbifrwmFYcClgOZeg==",
      "dev": true,
      "dependencies": {
        "safe-buffer": "5.1.2"
      },
      "engines": {
        "node": ">= 0.8"
      }
    },
    "node_modules/brace-expansion": {
      "version": "2.0.1",
      "resolved": "https://registry.npmjs.org/brace-expansion/-/brace-expansion-2.0.1.tgz",
      "integrity": "sha512-XnAIvQ8eM+kC6aULx6wuQiwVsnzsi9d3WxzV3FpWTGA19F621kwdbsAcFKXgKUHZWsy+mY6iL1sHTxWEFCytDA==",
      "dev": true,
      "dependencies": {
        "balanced-match": "^1.0.0"
      }
    },
    "node_modules/call-bind": {
      "version": "1.0.7",
      "resolved": "https://registry.npmjs.org/call-bind/-/call-bind-1.0.7.tgz",
      "integrity": "sha512-GHTSNSYICQ7scH7sZ+M2rFopRoLh8t2bLSW6BbgrtLsahOIB5iyAVJf9GjWK3cYTDaMj4XdBpM1cA6pIS0Kv2w==",
      "dev": true,
      "dependencies": {
        "es-define-property": "^1.0.0",
        "es-errors": "^1.3.0",
        "function-bind": "^1.1.2",
        "get-intrinsic": "^1.2.4",
        "set-function-length": "^1.2.1"
      },
      "engines": {
        "node": ">= 0.4"
      },
      "funding": {
        "url": "https://github.com/sponsors/ljharb"
      }
    },
    "node_modules/chalk": {
      "version": "2.4.2",
      "resolved": "https://registry.npmjs.org/chalk/-/chalk-2.4.2.tgz",
      "integrity": "sha512-Mti+f9lpJNcwF4tWV8/OrTTtF1gZi+f8FqlyAdouralcFWFQWF2+NgCHShjkCb+IFBLq9buZwE1xckQU4peSuQ==",
      "dev": true,
      "dependencies": {
        "ansi-styles": "^3.2.1",
        "escape-string-regexp": "^1.0.5",
        "supports-color": "^5.3.0"
      },
      "engines": {
        "node": ">=4"
      }
    },
    "node_modules/color-convert": {
      "version": "1.9.3",
      "resolved": "https://registry.npmjs.org/color-convert/-/color-convert-1.9.3.tgz",
      "integrity": "sha512-QfAUtd+vFdAtFQcC8CCyYt1fYWxSqAiK2cSD6zDB8N3cpsEBAvRxp9zOGg6G/SHHJYAT88/az/IuDGALsNVbGg==",
      "dev": true,
      "dependencies": {
        "color-name": "1.1.3"
      }
    },
    "node_modules/color-name": {
      "version": "1.1.3",
      "resolved": "https://registry.npmjs.org/color-name/-/color-name-1.1.3.tgz",
      "integrity": "sha512-72fSenhMw2HZMTVHeCA9KCmpEIbzWiQsjN+BHcBbS9vr1mtt+vJjPdksIBNUmKAW8TFUDPJK5SUU3QhE9NEXDw==",
      "dev": true
    },
    "node_modules/corser": {
      "version": "2.0.1",
      "resolved": "https://registry.npmjs.org/corser/-/corser-2.0.1.tgz",
      "integrity": "sha512-utCYNzRSQIZNPIcGZdQc92UVJYAhtGAteCFg0yRaFm8f0P+CPtyGyHXJcGXnffjCybUCEx3FQ2G7U3/o9eIkVQ==",
      "dev": true,
      "engines": {
        "node": ">= 0.4.0"
      }
    },
    "node_modules/cross-spawn": {
      "version": "7.0.3",
      "resolved": "https://registry.npmjs.org/cross-spawn/-/cross-spawn-7.0.3.tgz",
      "integrity": "sha512-iRDPJKUPVEND7dHPO8rkbOnPpyDygcDFtWjpeWNCgy8WP2rXcxXL8TskReQl6OrB2G7+UJrags1q15Fudc7G6w==",
      "dev": true,
      "dependencies": {
        "path-key": "^3.1.0",
        "shebang-command": "^2.0.0",
        "which": "^2.0.1"
      },
      "engines": {
        "node": ">= 8"
      }
    },
    "node_modules/debug": {
      "version": "3.2.7",
      "resolved": "https://registry.npmjs.org/debug/-/debug-3.2.7.tgz",
      "integrity": "sha512-CFjzYYAi4ThfiQvizrFQevTTXHtnCqWfe7x1AhgEscTz6ZbLbfoLRLPugTQyBth6f8ZERVUSyWHFD/7Wu4t1XQ==",
      "dev": true,
      "dependencies": {
        "ms": "^2.1.1"
      }
    },
    "node_modules/deepmerge": {
      "version": "4.3.1",
      "resolved": "https://registry.npmjs.org/deepmerge/-/deepmerge-4.3.1.tgz",
      "integrity": "sha512-3sUqbMEc77XqpdNO7FRyRog+eW3ph+GYCbj+rK+uYyRMuwsVy0rMiVtPn+QJlKFvWP/1PYpapqYn0Me2knFn+A==",
      "dev": true,
      "engines": {
        "node": ">=0.10.0"
      }
    },
    "node_modules/define-data-property": {
      "version": "1.1.4",
      "resolved": "https://registry.npmjs.org/define-data-property/-/define-data-property-1.1.4.tgz",
      "integrity": "sha512-rBMvIzlpA8v6E+SJZoo++HAYqsLrkg7MSfIinMPFhmkorw7X+dOXVJQs+QT69zGkzMyfDnIMN2Wid1+NbL3T+A==",
      "dev": true,
      "dependencies": {
        "es-define-property": "^1.0.0",
        "es-errors": "^1.3.0",
        "gopd": "^1.0.1"
      },
      "engines": {
        "node": ">= 0.4"
      },
      "funding": {
        "url": "https://github.com/sponsors/ljharb"
      }
    },
    "node_modules/eastasianwidth": {
      "version": "0.2.0",
      "resolved": "https://registry.npmjs.org/eastasianwidth/-/eastasianwidth-0.2.0.tgz",
      "integrity": "sha512-I88TYZWc9XiYHRQ4/3c5rjjfgkjhLyW2luGIheGERbNQ6OY7yTybanSpDXZa8y7VUP9YmDcYa+eyq4ca7iLqWA==",
      "dev": true
    },
    "node_modules/emoji-regex": {
      "version": "9.2.2",
      "resolved": "https://registry.npmjs.org/emoji-regex/-/emoji-regex-9.2.2.tgz",
      "integrity": "sha512-L18DaJsXSUk2+42pv8mLs5jJT2hqFkFE4j21wOmgbUqsZ2hL72NsUU785g9RXgo3s0ZNgVl42TiHp3ZtOv/Vyg==",
      "dev": true
    },
    "node_modules/es-define-property": {
      "version": "1.0.0",
      "resolved": "https://registry.npmjs.org/es-define-property/-/es-define-property-1.0.0.tgz",
      "integrity": "sha512-jxayLKShrEqqzJ0eumQbVhTYQM27CfT1T35+gCgDFoL82JLsXqTJ76zv6A0YLOgEnLUMvLzsDsGIrl8NFpT2gQ==",
      "dev": true,
      "dependencies": {
        "get-intrinsic": "^1.2.4"
      },
      "engines": {
        "node": ">= 0.4"
      }
    },
    "node_modules/es-errors": {
      "version": "1.3.0",
      "resolved": "https://registry.npmjs.org/es-errors/-/es-errors-1.3.0.tgz",
      "integrity": "sha512-Zf5H2Kxt2xjTvbJvP2ZWLEICxA6j+hAmMzIlypy4xcBg1vKVnx89Wy0GbS+kf5cwCVFFzdCFh2XSCFNULS6csw==",
      "dev": true,
      "engines": {
        "node": ">= 0.4"
      }
    },
    "node_modules/escape-string-regexp": {
      "version": "1.0.5",
      "resolved": "https://registry.npmjs.org/escape-string-regexp/-/escape-string-regexp-1.0.5.tgz",
      "integrity": "sha512-vbRorB5FUQWvla16U8R/qgaFIya2qGzwDrNmCZuYKrbdSUMG6I1ZCGQRefkRVhuOkIGVne7BQ35DSfo1qvJqFg==",
      "dev": true,
      "engines": {
        "node": ">=0.8.0"
      }
    },
    "node_modules/eventemitter3": {
      "version": "4.0.7",
      "resolved": "https://registry.npmjs.org/eventemitter3/-/eventemitter3-4.0.7.tgz",
      "integrity": "sha512-8guHBZCwKnFhYdHr2ysuRWErTwhoN2X8XELRlrRwpmfeY2jjuUN4taQMsULKUVo1K4DvZl+0pgfyoysHxvmvEw==",
      "dev": true
    },
    "node_modules/fast-deep-equal": {
      "version": "3.1.3",
      "resolved": "https://registry.npmjs.org/fast-deep-equal/-/fast-deep-equal-3.1.3.tgz",
      "integrity": "sha512-f3qQ9oQy9j2AhBe/H9VC91wLmKBCCU/gDOnKNAYG5hswO7BLKj09Hc5HYNz9cGI++xlpDCIgDaitVs03ATR84Q==",
      "dev": true
    },
    "node_modules/follow-redirects": {
      "version": "1.15.6",
      "resolved": "https://registry.npmjs.org/follow-redirects/-/follow-redirects-1.15.6.tgz",
      "integrity": "sha512-wWN62YITEaOpSK584EZXJafH1AGpO8RVgElfkuXbTOrPX4fIfOyEpW/CsiNd8JdYrAoOvafRTOEnvsO++qCqFA==",
      "dev": true,
      "funding": [
        {
          "type": "individual",
          "url": "https://github.com/sponsors/RubenVerborgh"
        }
      ],
      "engines": {
        "node": ">=4.0"
      },
      "peerDependenciesMeta": {
        "debug": {
          "optional": true
        }
      }
    },
    "node_modules/foreground-child": {
      "version": "3.1.1",
      "resolved": "https://registry.npmjs.org/foreground-child/-/foreground-child-3.1.1.tgz",
      "integrity": "sha512-TMKDUnIte6bfb5nWv7V/caI169OHgvwjb7V4WkeUvbQQdjr5rWKqHFiKWb/fcOwB+CzBT+qbWjvj+DVwRskpIg==",
      "dev": true,
      "dependencies": {
        "cross-spawn": "^7.0.0",
        "signal-exit": "^4.0.1"
      },
      "engines": {
        "node": ">=14"
      },
      "funding": {
        "url": "https://github.com/sponsors/isaacs"
      }
    },
    "node_modules/function-bind": {
      "version": "1.1.2",
      "resolved": "https://registry.npmjs.org/function-bind/-/function-bind-1.1.2.tgz",
      "integrity": "sha512-7XHNxH7qX9xG5mIwxkhumTox/MIRNcOgDrxWsMt2pAr23WHp6MrRlN7FBSFpCpr+oVO0F744iUgR82nJMfG2SA==",
      "dev": true,
      "funding": {
        "url": "https://github.com/sponsors/ljharb"
      }
    },
    "node_modules/get-intrinsic": {
      "version": "1.2.4",
      "resolved": "https://registry.npmjs.org/get-intrinsic/-/get-intrinsic-1.2.4.tgz",
      "integrity": "sha512-5uYhsJH8VJBTv7oslg4BznJYhDoRI6waYCxMmCdnTrcCrHA/fCFKoTFz2JKKE0HdDFUF7/oQuhzumXJK7paBRQ==",
      "dev": true,
      "dependencies": {
        "es-errors": "^1.3.0",
        "function-bind": "^1.1.2",
        "has-proto": "^1.0.1",
        "has-symbols": "^1.0.3",
        "hasown": "^2.0.0"
      },
      "engines": {
        "node": ">= 0.4"
      },
      "funding": {
        "url": "https://github.com/sponsors/ljharb"
      }
    },
    "node_modules/glob": {
      "version": "10.3.10",
      "resolved": "https://registry.npmjs.org/glob/-/glob-10.3.10.tgz",
      "integrity": "sha512-fa46+tv1Ak0UPK1TOy/pZrIybNNt4HCv7SDzwyfiOZkvZLEbjsZkJBPtDHVshZjbecAoAGSC20MjLDG/qr679g==",
      "dev": true,
      "dependencies": {
        "foreground-child": "^3.1.0",
        "jackspeak": "^2.3.5",
        "minimatch": "^9.0.1",
        "minipass": "^5.0.0 || ^6.0.2 || ^7.0.0",
        "path-scurry": "^1.10.1"
      },
      "bin": {
        "glob": "dist/esm/bin.mjs"
      },
      "engines": {
        "node": ">=16 || 14 >=14.17"
      },
      "funding": {
        "url": "https://github.com/sponsors/isaacs"
      }
    },
    "node_modules/gopd": {
      "version": "1.0.1",
      "resolved": "https://registry.npmjs.org/gopd/-/gopd-1.0.1.tgz",
      "integrity": "sha512-d65bNlIadxvpb/A2abVdlqKqV563juRnZ1Wtk6s1sIR8uNsXR70xqIzVqxVf1eTqDunwT2MkczEeaezCKTZhwA==",
      "dev": true,
      "dependencies": {
        "get-intrinsic": "^1.1.3"
      },
      "funding": {
        "url": "https://github.com/sponsors/ljharb"
      }
    },
    "node_modules/has-flag": {
      "version": "3.0.0",
      "resolved": "https://registry.npmjs.org/has-flag/-/has-flag-3.0.0.tgz",
      "integrity": "sha512-sKJf1+ceQBr4SMkvQnBDNDtf4TXpVhVGateu0t918bl30FnbE2m4vNLX+VWe/dpjlb+HugGYzW7uQXH98HPEYw==",
      "dev": true,
      "engines": {
        "node": ">=4"
      }
    },
    "node_modules/has-property-descriptors": {
      "version": "1.0.2",
      "resolved": "https://registry.npmjs.org/has-property-descriptors/-/has-property-descriptors-1.0.2.tgz",
      "integrity": "sha512-55JNKuIW+vq4Ke1BjOTjM2YctQIvCT7GFzHwmfZPGo5wnrgkid0YQtnAleFSqumZm4az3n2BS+erby5ipJdgrg==",
      "dev": true,
      "dependencies": {
        "es-define-property": "^1.0.0"
      },
      "funding": {
        "url": "https://github.com/sponsors/ljharb"
      }
    },
    "node_modules/has-proto": {
      "version": "1.0.3",
      "resolved": "https://registry.npmjs.org/has-proto/-/has-proto-1.0.3.tgz",
      "integrity": "sha512-SJ1amZAJUiZS+PhsVLf5tGydlaVB8EdFpaSO4gmiUKUOxk8qzn5AIy4ZeJUmh22znIdk/uMAUT2pl3FxzVUH+Q==",
      "dev": true,
      "engines": {
        "node": ">= 0.4"
      },
      "funding": {
        "url": "https://github.com/sponsors/ljharb"
      }
    },
    "node_modules/has-symbols": {
      "version": "1.0.3",
      "resolved": "https://registry.npmjs.org/has-symbols/-/has-symbols-1.0.3.tgz",
      "integrity": "sha512-l3LCuF6MgDNwTDKkdYGEihYjt5pRPbEg46rtlmnSPlUbgmB8LOIrKJbYYFBSbnPaJexMKtiPO8hmeRjRz2Td+A==",
      "dev": true,
      "engines": {
        "node": ">= 0.4"
      },
      "funding": {
        "url": "https://github.com/sponsors/ljharb"
      }
    },
    "node_modules/hasown": {
      "version": "2.0.2",
      "resolved": "https://registry.npmjs.org/hasown/-/hasown-2.0.2.tgz",
      "integrity": "sha512-0hJU9SCPvmMzIBdZFqNPXWa6dqh7WdH0cII9y+CyS8rG3nL48Bclra9HmKhVVUHyPWNH5Y7xDwAB7bfgSjkUMQ==",
      "dev": true,
      "dependencies": {
        "function-bind": "^1.1.2"
      },
      "engines": {
        "node": ">= 0.4"
      }
    },
    "node_modules/he": {
      "version": "1.2.0",
      "resolved": "https://registry.npmjs.org/he/-/he-1.2.0.tgz",
      "integrity": "sha512-F/1DnUGPopORZi0ni+CvrCgHQ5FyEAHRLSApuYWMmrbSwoN2Mn/7k+Gl38gJnR7yyDZk6WLXwiGod1JOWNDKGw==",
      "dev": true,
      "bin": {
        "he": "bin/he"
      }
    },
    "node_modules/html-encoding-sniffer": {
      "version": "3.0.0",
      "resolved": "https://registry.npmjs.org/html-encoding-sniffer/-/html-encoding-sniffer-3.0.0.tgz",
      "integrity": "sha512-oWv4T4yJ52iKrufjnyZPkrN0CH3QnrUqdB6In1g5Fe1mia8GmF36gnfNySxoZtxD5+NmYw1EElVXiBk93UeskA==",
      "dev": true,
      "dependencies": {
        "whatwg-encoding": "^2.0.0"
      },
      "engines": {
        "node": ">=12"
      }
    },
    "node_modules/html-validate": {
      "version": "8.17.1",
      "resolved": "https://registry.npmjs.org/html-validate/-/html-validate-8.17.1.tgz",
      "integrity": "sha512-jBcyyC7/O+ag/gSNfPMtjJ4HrSvASsxLv9FRgpZmK1BGHTF8l7zBibmWFRRYS/s+QsdmBF6dG9JyM1/378/Izw==",
      "dev": true,
      "dependencies": {
        "@babel/code-frame": "^7.10.0",
        "@html-validate/stylish": "^4.1.0",
        "@sidvind/better-ajv-errors": "2.1.3",
        "ajv": "^8.0.0",
        "deepmerge": "4.3.1",
        "glob": "^10.0.0",
        "ignore": "5.3.1",
        "kleur": "^4.1.0",
        "minimist": "^1.2.0",
        "prompts": "^2.0.0",
        "semver": "^7.0.0"
      },
      "bin": {
        "html-validate": "bin/html-validate.js"
      },
      "engines": {
        "node": ">= 16.14"
      },
      "peerDependencies": {
        "jest": "^27.1 || ^28.1.3 || ^29.0.3",
        "jest-diff": "^27.1 || ^28.1.3 || ^29.0.3",
        "jest-snapshot": "^27.1 || ^28.1.3 || ^29.0.3",
        "vitest": "^0.34 || ^1"
      },
      "peerDependenciesMeta": {
        "jest": {
          "optional": true
        },
        "jest-diff": {
          "optional": true
        },
        "jest-snapshot": {
          "optional": true
        },
        "vitest": {
          "optional": true
        }
      }
    },
    "node_modules/http-proxy": {
      "version": "1.18.1",
      "resolved": "https://registry.npmjs.org/http-proxy/-/http-proxy-1.18.1.tgz",
      "integrity": "sha512-7mz/721AbnJwIVbnaSv1Cz3Am0ZLT/UBwkC92VlxhXv/k/BBQfM2fXElQNC27BVGr0uwUpplYPQM9LnaBMR5NQ==",
      "dev": true,
      "dependencies": {
        "eventemitter3": "^4.0.0",
        "follow-redirects": "^1.0.0",
        "requires-port": "^1.0.0"
      },
      "engines": {
        "node": ">=8.0.0"
      }
    },
    "node_modules/http-server": {
      "version": "14.1.1",
      "resolved": "https://registry.npmjs.org/http-server/-/http-server-14.1.1.tgz",
      "integrity": "sha512-+cbxadF40UXd9T01zUHgA+rlo2Bg1Srer4+B4NwIHdaGxAGGv59nYRnGGDJ9LBk7alpS0US+J+bLLdQOOkJq4A==",
      "dev": true,
      "dependencies": {
        "basic-auth": "^2.0.1",
        "chalk": "^4.1.2",
        "corser": "^2.0.1",
        "he": "^1.2.0",
        "html-encoding-sniffer": "^3.0.0",
        "http-proxy": "^1.18.1",
        "mime": "^1.6.0",
        "minimist": "^1.2.6",
        "opener": "^1.5.1",
        "portfinder": "^1.0.28",
        "secure-compare": "3.0.1",
        "union": "~0.5.0",
        "url-join": "^4.0.1"
      },
      "bin": {
        "http-server": "bin/http-server"
      },
      "engines": {
        "node": ">=12"
      }
    },
    "node_modules/http-server/node_modules/ansi-styles": {
      "version": "4.3.0",
      "resolved": "https://registry.npmjs.org/ansi-styles/-/ansi-styles-4.3.0.tgz",
      "integrity": "sha512-zbB9rCJAT1rbjiVDb2hqKFHNYLxgtk8NURxZ3IZwD3F6NtxbXZQCnnSi1Lkx+IDohdPlFp222wVALIheZJQSEg==",
      "dev": true,
      "dependencies": {
        "color-convert": "^2.0.1"
      },
      "engines": {
        "node": ">=8"
      },
      "funding": {
        "url": "https://github.com/chalk/ansi-styles?sponsor=1"
      }
    },
    "node_modules/http-server/node_modules/chalk": {
      "version": "4.1.2",
      "resolved": "https://registry.npmjs.org/chalk/-/chalk-4.1.2.tgz",
      "integrity": "sha512-oKnbhFyRIXpUuez8iBMmyEa4nbj4IOQyuhc/wy9kY7/WVPcwIO9VA668Pu8RkO7+0G76SLROeyw9CpQ061i4mA==",
      "dev": true,
      "dependencies": {
        "ansi-styles": "^4.1.0",
        "supports-color": "^7.1.0"
      },
      "engines": {
        "node": ">=10"
      },
      "funding": {
        "url": "https://github.com/chalk/chalk?sponsor=1"
      }
    },
    "node_modules/http-server/node_modules/color-convert": {
      "version": "2.0.1",
      "resolved": "https://registry.npmjs.org/color-convert/-/color-convert-2.0.1.tgz",
      "integrity": "sha512-RRECPsj7iu/xb5oKYcsFHSppFNnsj/52OVTRKb4zP5onXwVF3zVmmToNcOfGC+CRDpfK/U584fMg38ZHCaElKQ==",
      "dev": true,
      "dependencies": {
        "color-name": "~1.1.4"
      },
      "engines": {
        "node": ">=7.0.0"
      }
    },
    "node_modules/http-server/node_modules/color-name": {
      "version": "1.1.4",
      "resolved": "https://registry.npmjs.org/color-name/-/color-name-1.1.4.tgz",
      "integrity": "sha512-dOy+3AuW3a2wNbZHIuMZpTcgjGuLU/uBL/ubcZF9OXbDo8ff4O8yVp5Bf0efS8uEoYo5q4Fx7dY9OgQGXgAsQA==",
      "dev": true
    },
    "node_modules/http-server/node_modules/has-flag": {
      "version": "4.0.0",
      "resolved": "https://registry.npmjs.org/has-flag/-/has-flag-4.0.0.tgz",
      "integrity": "sha512-EykJT/Q1KjTWctppgIAgfSO0tKVuZUjhgMr17kqTumMl6Afv3EISleU7qZUzoXDFTAHTDC4NOoG/ZxU3EvlMPQ==",
      "dev": true,
      "engines": {
        "node": ">=8"
      }
    },
    "node_modules/http-server/node_modules/supports-color": {
      "version": "7.2.0",
      "resolved": "https://registry.npmjs.org/supports-color/-/supports-color-7.2.0.tgz",
      "integrity": "sha512-qpCAvRl9stuOHveKsn7HncJRvv501qIacKzQlO/+Lwxc9+0q2wLyv4Dfvt80/DPn2pqOBsJdDiogXGR9+OvwRw==",
      "dev": true,
      "dependencies": {
        "has-flag": "^4.0.0"
      },
      "engines": {
        "node": ">=8"
      }
    },
    "node_modules/iconv-lite": {
      "version": "0.6.3",
      "resolved": "https://registry.npmjs.org/iconv-lite/-/iconv-lite-0.6.3.tgz",
      "integrity": "sha512-4fCk79wshMdzMp2rH06qWrJE4iolqLhCUH+OiuIgU++RB0+94NlDL81atO7GX55uUKueo0txHNtvEyI6D7WdMw==",
      "dev": true,
      "dependencies": {
        "safer-buffer": ">= 2.1.2 < 3.0.0"
      },
      "engines": {
        "node": ">=0.10.0"
      }
    },
    "node_modules/ignore": {
      "version": "5.3.1",
      "resolved": "https://registry.npmjs.org/ignore/-/ignore-5.3.1.tgz",
      "integrity": "sha512-5Fytz/IraMjqpwfd34ke28PTVMjZjJG2MPn5t7OE4eUCUNf8BAa7b5WUS9/Qvr6mwOQS7Mk6vdsMno5he+T8Xw==",
      "dev": true,
      "engines": {
        "node": ">= 4"
      }
    },
    "node_modules/is-fullwidth-code-point": {
      "version": "3.0.0",
      "resolved": "https://registry.npmjs.org/is-fullwidth-code-point/-/is-fullwidth-code-point-3.0.0.tgz",
      "integrity": "sha512-zymm5+u+sCsSWyD9qNaejV3DFvhCKclKdizYaJUuHA83RLjb7nSuGnddCHGv0hk+KY7BMAlsWeK4Ueg6EV6XQg==",
      "dev": true,
      "engines": {
        "node": ">=8"
      }
    },
    "node_modules/isexe": {
      "version": "2.0.0",
      "resolved": "https://registry.npmjs.org/isexe/-/isexe-2.0.0.tgz",
      "integrity": "sha512-RHxMLp9lnKHGHRng9QFhRCMbYAcVpn69smSGcq3f36xjgVVWThj4qqLbTLlq7Ssj8B+fIQ1EuCEGI2lKsyQeIw==",
      "dev": true
    },
    "node_modules/jackspeak": {
      "version": "2.3.6",
      "resolved": "https://registry.npmjs.org/jackspeak/-/jackspeak-2.3.6.tgz",
      "integrity": "sha512-N3yCS/NegsOBokc8GAdM8UcmfsKiSS8cipheD/nivzr700H+nsMOxJjQnvwOcRYVuFkdH0wGUvW2WbXGmrZGbQ==",
      "dev": true,
      "dependencies": {
        "@isaacs/cliui": "^8.0.2"
      },
      "engines": {
        "node": ">=14"
      },
      "funding": {
        "url": "https://github.com/sponsors/isaacs"
      },
      "optionalDependencies": {
        "@pkgjs/parseargs": "^0.11.0"
      }
    },
    "node_modules/js-tokens": {
      "version": "4.0.0",
      "resolved": "https://registry.npmjs.org/js-tokens/-/js-tokens-4.0.0.tgz",
      "integrity": "sha512-RdJUflcE3cUzKiMqQgsCu06FPu9UdIJO0beYbPhHN4k6apgJtifcoCtT9bcxOpYBtpD2kCM6Sbzg4CausW/PKQ==",
      "dev": true
    },
    "node_modules/json-schema-traverse": {
      "version": "1.0.0",
      "resolved": "https://registry.npmjs.org/json-schema-traverse/-/json-schema-traverse-1.0.0.tgz",
      "integrity": "sha512-NM8/P9n3XjXhIZn1lLhkFaACTOURQXjWhV4BA/RnOv8xvgqtqpAX9IO4mRQxSx1Rlo4tqzeqb0sOlruaOy3dug==",
      "dev": true
    },
    "node_modules/kleur": {
      "version": "4.1.5",
      "resolved": "https://registry.npmjs.org/kleur/-/kleur-4.1.5.tgz",
      "integrity": "sha512-o+NO+8WrRiQEE4/7nwRJhN1HWpVmJm511pBHUxPLtp0BUISzlBplORYSmTclCnJvQq2tKu/sgl3xVpkc7ZWuQQ==",
      "dev": true,
      "engines": {
        "node": ">=6"
      }
    },
    "node_modules/lodash": {
      "version": "4.17.21",
      "resolved": "https://registry.npmjs.org/lodash/-/lodash-4.17.21.tgz",
      "integrity": "sha512-v2kDEe57lecTulaDIuNTPy3Ry4gLGJ6Z1O3vE1krgXZNrsQ+LFTGHVxVjcXPs17LhbZVGedAJv8XZ1tvj5FvSg==",
      "dev": true
    },
    "node_modules/lru-cache": {
      "version": "10.2.0",
      "resolved": "https://registry.npmjs.org/lru-cache/-/lru-cache-10.2.0.tgz",
      "integrity": "sha512-2bIM8x+VAf6JT4bKAljS1qUWgMsqZRPGJS6FSahIMPVvctcNhyVp7AJu7quxOW9jwkryBReKZY5tY5JYv2n/7Q==",
      "dev": true,
      "engines": {
        "node": "14 || >=16.14"
      }
    },
    "node_modules/mime": {
      "version": "1.6.0",
      "resolved": "https://registry.npmjs.org/mime/-/mime-1.6.0.tgz",
      "integrity": "sha512-x0Vn8spI+wuJ1O6S7gnbaQg8Pxh4NNHb7KSINmEWKiPE4RKOplvijn+NkmYmmRgP68mc70j2EbeTFRsrswaQeg==",
      "dev": true,
      "bin": {
        "mime": "cli.js"
      },
      "engines": {
        "node": ">=4"
      }
    },
    "node_modules/minimatch": {
      "version": "9.0.3",
      "resolved": "https://registry.npmjs.org/minimatch/-/minimatch-9.0.3.tgz",
      "integrity": "sha512-RHiac9mvaRw0x3AYRgDC1CxAP7HTcNrrECeA8YYJeWnpo+2Q5CegtZjaotWTWxDG3UeGA1coE05iH1mPjT/2mg==",
      "dev": true,
      "dependencies": {
        "brace-expansion": "^2.0.1"
      },
      "engines": {
        "node": ">=16 || 14 >=14.17"
      },
      "funding": {
        "url": "https://github.com/sponsors/isaacs"
      }
    },
    "node_modules/minimist": {
      "version": "1.2.8",
      "resolved": "https://registry.npmjs.org/minimist/-/minimist-1.2.8.tgz",
      "integrity": "sha512-2yyAR8qBkN3YuheJanUpWC5U3bb5osDywNB8RzDVlDwDHbocAJveqqj1u8+SVD7jkWT4yvsHCpWqqWqAxb0zCA==",
      "dev": true,
      "funding": {
        "url": "https://github.com/sponsors/ljharb"
      }
    },
    "node_modules/minipass": {
      "version": "7.0.4",
      "resolved": "https://registry.npmjs.org/minipass/-/minipass-7.0.4.tgz",
      "integrity": "sha512-jYofLM5Dam9279rdkWzqHozUo4ybjdZmCsDHePy5V/PbBcVMiSZR97gmAy45aqi8CK1lG2ECd356FU86avfwUQ==",
      "dev": true,
      "engines": {
        "node": ">=16 || 14 >=14.17"
      }
    },
    "node_modules/mkdirp": {
      "version": "0.5.6",
      "resolved": "https://registry.npmjs.org/mkdirp/-/mkdirp-0.5.6.tgz",
      "integrity": "sha512-FP+p8RB8OWpF3YZBCrP5gtADmtXApB5AMLn+vdyA+PyxCjrCs00mjyUozssO33cwDeT3wNGdLxJ5M//YqtHAJw==",
      "dev": true,
      "dependencies": {
        "minimist": "^1.2.6"
      },
      "bin": {
        "mkdirp": "bin/cmd.js"
      }
    },
    "node_modules/ms": {
      "version": "2.1.3",
      "resolved": "https://registry.npmjs.org/ms/-/ms-2.1.3.tgz",
      "integrity": "sha512-6FlzubTLZG3J2a/NVCAleEhjzq5oxgHyaCU9yYXvcLsvoVaHJq/s5xXI6/XXP6tz7R9xAOtHnSO/tXtF3WRTlA==",
      "dev": true
    },
    "node_modules/object-inspect": {
      "version": "1.13.1",
      "resolved": "https://registry.npmjs.org/object-inspect/-/object-inspect-1.13.1.tgz",
      "integrity": "sha512-5qoj1RUiKOMsCCNLV1CBiPYE10sziTsnmNxkAI/rZhiD63CF7IqdFGC/XzjWjpSgLf0LxXX3bDFIh0E18f6UhQ==",
      "dev": true,
      "funding": {
        "url": "https://github.com/sponsors/ljharb"
      }
    },
    "node_modules/opener": {
      "version": "1.5.2",
      "resolved": "https://registry.npmjs.org/opener/-/opener-1.5.2.tgz",
      "integrity": "sha512-ur5UIdyw5Y7yEj9wLzhqXiy6GZ3Mwx0yGI+5sMn2r0N0v3cKJvUmFH5yPP+WXh9e0xfyzyJX95D8l088DNFj7A==",
      "dev": true,
      "bin": {
        "opener": "bin/opener-bin.js"
      }
    },
    "node_modules/path-key": {
      "version": "3.1.1",
      "resolved": "https://registry.npmjs.org/path-key/-/path-key-3.1.1.tgz",
      "integrity": "sha512-ojmeN0qd+y0jszEtoY48r0Peq5dwMEkIlCOu6Q5f41lfkswXuKtYrhgoTpLnyIcHm24Uhqx+5Tqm2InSwLhE6Q==",
      "dev": true,
      "engines": {
        "node": ">=8"
      }
    },
    "node_modules/path-scurry": {
      "version": "1.10.1",
      "resolved": "https://registry.npmjs.org/path-scurry/-/path-scurry-1.10.1.tgz",
      "integrity": "sha512-MkhCqzzBEpPvxxQ71Md0b1Kk51W01lrYvlMzSUaIzNsODdd7mqhiimSZlr+VegAz5Z6Vzt9Xg2ttE//XBhH3EQ==",
      "dev": true,
      "dependencies": {
        "lru-cache": "^9.1.1 || ^10.0.0",
        "minipass": "^5.0.0 || ^6.0.2 || ^7.0.0"
      },
      "engines": {
        "node": ">=16 || 14 >=14.17"
      },
      "funding": {
        "url": "https://github.com/sponsors/isaacs"
      }
    },
    "node_modules/picocolors": {
      "version": "1.0.0",
      "resolved": "https://registry.npmjs.org/picocolors/-/picocolors-1.0.0.tgz",
      "integrity": "sha512-1fygroTLlHu66zi26VoTDv8yRgm0Fccecssto+MhsZ0D/DGW2sm8E8AjW7NU5VVTRt5GxbeZ5qBuJr+HyLYkjQ==",
      "dev": true
    },
    "node_modules/portfinder": {
      "version": "1.0.32",
      "resolved": "https://registry.npmjs.org/portfinder/-/portfinder-1.0.32.tgz",
      "integrity": "sha512-on2ZJVVDXRADWE6jnQaX0ioEylzgBpQk8r55NE4wjXW1ZxO+BgDlY6DXwj20i0V8eB4SenDQ00WEaxfiIQPcxg==",
      "dev": true,
      "dependencies": {
        "async": "^2.6.4",
        "debug": "^3.2.7",
        "mkdirp": "^0.5.6"
      },
      "engines": {
        "node": ">= 0.12.0"
      }
    },
    "node_modules/prettier": {
      "version": "3.2.5",
      "resolved": "https://registry.npmjs.org/prettier/-/prettier-3.2.5.tgz",
      "integrity": "sha512-3/GWa9aOC0YeD7LUfvOG2NiDyhOWRvt1k+rcKhOuYnMY24iiCphgneUfJDyFXd6rZCAnuLBv6UeAULtrhT/F4A==",
      "dev": true,
      "bin": {
        "prettier": "bin/prettier.cjs"
      },
      "engines": {
        "node": ">=14"
      },
      "funding": {
        "url": "https://github.com/prettier/prettier?sponsor=1"
      }
    },
    "node_modules/prompts": {
      "version": "2.4.2",
      "resolved": "https://registry.npmjs.org/prompts/-/prompts-2.4.2.tgz",
      "integrity": "sha512-NxNv/kLguCA7p3jE8oL2aEBsrJWgAakBpgmgK6lpPWV+WuOmY6r2/zbAVnP+T8bQlA0nzHXSJSJW0Hq7ylaD2Q==",
      "dev": true,
      "dependencies": {
        "kleur": "^3.0.3",
        "sisteransi": "^1.0.5"
      },
      "engines": {
        "node": ">= 6"
      }
    },
    "node_modules/prompts/node_modules/kleur": {
      "version": "3.0.3",
      "resolved": "https://registry.npmjs.org/kleur/-/kleur-3.0.3.tgz",
      "integrity": "sha512-eTIzlVOSUR+JxdDFepEYcBMtZ9Qqdef+rnzWdRZuMbOywu5tO2w2N7rqjoANZ5k9vywhL6Br1VRjUIgTQx4E8w==",
      "dev": true,
      "engines": {
        "node": ">=6"
      }
    },
    "node_modules/punycode": {
      "version": "2.3.1",
      "resolved": "https://registry.npmjs.org/punycode/-/punycode-2.3.1.tgz",
      "integrity": "sha512-vYt7UD1U9Wg6138shLtLOvdAu+8DsC/ilFtEVHcH+wydcSpNE20AfSOduf6MkRFahL5FY7X1oU7nKVZFtfq8Fg==",
      "dev": true,
      "engines": {
        "node": ">=6"
      }
    },
    "node_modules/qs": {
      "version": "6.12.0",
      "resolved": "https://registry.npmjs.org/qs/-/qs-6.12.0.tgz",
      "integrity": "sha512-trVZiI6RMOkO476zLGaBIzszOdFPnCCXHPG9kn0yuS1uz6xdVxPfZdB3vUig9pxPFDM9BRAgz/YUIVQ1/vuiUg==",
      "dev": true,
      "dependencies": {
        "side-channel": "^1.0.6"
      },
      "engines": {
        "node": ">=0.6"
      },
      "funding": {
        "url": "https://github.com/sponsors/ljharb"
      }
    },
    "node_modules/require-from-string": {
      "version": "2.0.2",
      "resolved": "https://registry.npmjs.org/require-from-string/-/require-from-string-2.0.2.tgz",
      "integrity": "sha512-Xf0nWe6RseziFMu+Ap9biiUbmplq6S9/p+7w7YXP/JBHhrUDDUhwa+vANyubuqfZWTveU//DYVGsDG7RKL/vEw==",
      "dev": true,
      "engines": {
        "node": ">=0.10.0"
      }
    },
    "node_modules/requires-port": {
      "version": "1.0.0",
      "resolved": "https://registry.npmjs.org/requires-port/-/requires-port-1.0.0.tgz",
      "integrity": "sha512-KigOCHcocU3XODJxsu8i/j8T9tzT4adHiecwORRQ0ZZFcp7ahwXuRU1m+yuO90C5ZUyGeGfocHDI14M3L3yDAQ==",
      "dev": true
    },
    "node_modules/safe-buffer": {
      "version": "5.1.2",
      "resolved": "https://registry.npmjs.org/safe-buffer/-/safe-buffer-5.1.2.tgz",
      "integrity": "sha512-Gd2UZBJDkXlY7GbJxfsE8/nvKkUEU1G38c1siN6QP6a9PT9MmHB8GnpscSmMJSoF8LOIrt8ud/wPtojys4G6+g==",
      "dev": true
    },
    "node_modules/safer-buffer": {
      "version": "2.1.2",
      "resolved": "https://registry.npmjs.org/safer-buffer/-/safer-buffer-2.1.2.tgz",
      "integrity": "sha512-YZo3K82SD7Riyi0E1EQPojLz7kpepnSQI9IyPbHHg1XXXevb5dJI7tpyN2ADxGcQbHG7vcyRHk0cbwqcQriUtg==",
      "dev": true
    },
    "node_modules/secure-compare": {
      "version": "3.0.1",
      "resolved": "https://registry.npmjs.org/secure-compare/-/secure-compare-3.0.1.tgz",
      "integrity": "sha512-AckIIV90rPDcBcglUwXPF3kg0P0qmPsPXAj6BBEENQE1p5yA1xfmDJzfi1Tappj37Pv2mVbKpL3Z1T+Nn7k1Qw==",
      "dev": true
    },
    "node_modules/semver": {
      "version": "7.6.0",
      "resolved": "https://registry.npmjs.org/semver/-/semver-7.6.0.tgz",
      "integrity": "sha512-EnwXhrlwXMk9gKu5/flx5sv/an57AkRplG3hTK68W7FRDN+k+OWBj65M7719OkA82XLBxrcX0KSHj+X5COhOVg==",
      "dev": true,
      "dependencies": {
        "lru-cache": "^6.0.0"
      },
      "bin": {
        "semver": "bin/semver.js"
      },
      "engines": {
        "node": ">=10"
      }
    },
    "node_modules/semver/node_modules/lru-cache": {
      "version": "6.0.0",
      "resolved": "https://registry.npmjs.org/lru-cache/-/lru-cache-6.0.0.tgz",
      "integrity": "sha512-Jo6dJ04CmSjuznwJSS3pUeWmd/H0ffTlkXXgwZi+eq1UCmqQwCh+eLsYOYCwY991i2Fah4h1BEMCx4qThGbsiA==",
      "dev": true,
      "dependencies": {
        "yallist": "^4.0.0"
      },
      "engines": {
        "node": ">=10"
      }
    },
    "node_modules/set-function-length": {
      "version": "1.2.2",
      "resolved": "https://registry.npmjs.org/set-function-length/-/set-function-length-1.2.2.tgz",
      "integrity": "sha512-pgRc4hJ4/sNjWCSS9AmnS40x3bNMDTknHgL5UaMBTMyJnU90EgWh1Rz+MC9eFu4BuN/UwZjKQuY/1v3rM7HMfg==",
      "dev": true,
      "dependencies": {
        "define-data-property": "^1.1.4",
        "es-errors": "^1.3.0",
        "function-bind": "^1.1.2",
        "get-intrinsic": "^1.2.4",
        "gopd": "^1.0.1",
        "has-property-descriptors": "^1.0.2"
      },
      "engines": {
        "node": ">= 0.4"
      }
    },
    "node_modules/shebang-command": {
      "version": "2.0.0",
      "resolved": "https://registry.npmjs.org/shebang-command/-/shebang-command-2.0.0.tgz",
      "integrity": "sha512-kHxr2zZpYtdmrN1qDjrrX/Z1rR1kG8Dx+gkpK1G4eXmvXswmcE1hTWBWYUzlraYw1/yZp6YuDY77YtvbN0dmDA==",
      "dev": true,
      "dependencies": {
        "shebang-regex": "^3.0.0"
      },
      "engines": {
        "node": ">=8"
      }
    },
    "node_modules/shebang-regex": {
      "version": "3.0.0",
      "resolved": "https://registry.npmjs.org/shebang-regex/-/shebang-regex-3.0.0.tgz",
      "integrity": "sha512-7++dFhtcx3353uBaq8DDR4NuxBetBzC7ZQOhmTQInHEd6bSrXdiEyzCvG07Z44UYdLShWUyXt5M/yhz8ekcb1A==",
      "dev": true,
      "engines": {
        "node": ">=8"
      }
    },
    "node_modules/side-channel": {
      "version": "1.0.6",
      "resolved": "https://registry.npmjs.org/side-channel/-/side-channel-1.0.6.tgz",
      "integrity": "sha512-fDW/EZ6Q9RiO8eFG8Hj+7u/oW+XrPTIChwCOM2+th2A6OblDtYYIpve9m+KvI9Z4C9qSEXlaGR6bTEYHReuglA==",
      "dev": true,
      "dependencies": {
        "call-bind": "^1.0.7",
        "es-errors": "^1.3.0",
        "get-intrinsic": "^1.2.4",
        "object-inspect": "^1.13.1"
      },
      "engines": {
        "node": ">= 0.4"
      },
      "funding": {
        "url": "https://github.com/sponsors/ljharb"
      }
    },
    "node_modules/signal-exit": {
      "version": "4.1.0",
      "resolved": "https://registry.npmjs.org/signal-exit/-/signal-exit-4.1.0.tgz",
      "integrity": "sha512-bzyZ1e88w9O1iNJbKnOlvYTrWPDl46O1bG0D3XInv+9tkPrxrN8jUUTiFlDkkmKWgn1M6CfIA13SuGqOa9Korw==",
      "dev": true,
      "engines": {
        "node": ">=14"
      },
      "funding": {
        "url": "https://github.com/sponsors/isaacs"
      }
    },
    "node_modules/sisteransi": {
      "version": "1.0.5",
      "resolved": "https://registry.npmjs.org/sisteransi/-/sisteransi-1.0.5.tgz",
      "integrity": "sha512-bLGGlR1QxBcynn2d5YmDX4MGjlZvy2MRBDRNHLJ8VI6l6+9FUiyTFNJ0IveOSP0bcXgVDPRcfGqA0pjaqUpfVg==",
      "dev": true
    },
    "node_modules/string-width": {
      "version": "5.1.2",
      "resolved": "https://registry.npmjs.org/string-width/-/string-width-5.1.2.tgz",
      "integrity": "sha512-HnLOCR3vjcY8beoNLtcjZ5/nxn2afmME6lhrDrebokqMap+XbeW8n9TXpPDOqdGK5qcI3oT0GKTW6wC7EMiVqA==",
      "dev": true,
      "dependencies": {
        "eastasianwidth": "^0.2.0",
        "emoji-regex": "^9.2.2",
        "strip-ansi": "^7.0.1"
      },
      "engines": {
        "node": ">=12"
      },
      "funding": {
        "url": "https://github.com/sponsors/sindresorhus"
      }
    },
    "node_modules/string-width-cjs": {
      "name": "string-width",
      "version": "4.2.3",
      "resolved": "https://registry.npmjs.org/string-width/-/string-width-4.2.3.tgz",
      "integrity": "sha512-wKyQRQpjJ0sIp62ErSZdGsjMJWsap5oRNihHhu6G7JVO/9jIB6UyevL+tXuOqrng8j/cxKTWyWUwvSTriiZz/g==",
      "dev": true,
      "dependencies": {
        "emoji-regex": "^8.0.0",
        "is-fullwidth-code-point": "^3.0.0",
        "strip-ansi": "^6.0.1"
      },
      "engines": {
        "node": ">=8"
      }
    },
    "node_modules/string-width-cjs/node_modules/ansi-regex": {
      "version": "5.0.1",
      "resolved": "https://registry.npmjs.org/ansi-regex/-/ansi-regex-5.0.1.tgz",
      "integrity": "sha512-quJQXlTSUGL2LH9SUXo8VwsY4soanhgo6LNSm84E1LBcE8s3O0wpdiRzyR9z/ZZJMlMWv37qOOb9pdJlMUEKFQ==",
      "dev": true,
      "engines": {
        "node": ">=8"
      }
    },
    "node_modules/string-width-cjs/node_modules/emoji-regex": {
      "version": "8.0.0",
      "resolved": "https://registry.npmjs.org/emoji-regex/-/emoji-regex-8.0.0.tgz",
      "integrity": "sha512-MSjYzcWNOA0ewAHpz0MxpYFvwg6yjy1NG3xteoqz644VCo/RPgnr1/GGt+ic3iJTzQ8Eu3TdM14SawnVUmGE6A==",
      "dev": true
    },
    "node_modules/string-width-cjs/node_modules/strip-ansi": {
      "version": "6.0.1",
      "resolved": "https://registry.npmjs.org/strip-ansi/-/strip-ansi-6.0.1.tgz",
      "integrity": "sha512-Y38VPSHcqkFrCpFnQ9vuSXmquuv5oXOKpGeT6aGrr3o3Gc9AlVa6JBfUSOCnbxGGZF+/0ooI7KrPuUSztUdU5A==",
      "dev": true,
      "dependencies": {
        "ansi-regex": "^5.0.1"
      },
      "engines": {
        "node": ">=8"
      }
    },
    "node_modules/strip-ansi": {
      "version": "7.1.0",
      "resolved": "https://registry.npmjs.org/strip-ansi/-/strip-ansi-7.1.0.tgz",
      "integrity": "sha512-iq6eVVI64nQQTRYq2KtEg2d2uU7LElhTJwsH4YzIHZshxlgZms/wIc4VoDQTlG/IvVIrBKG06CrZnp0qv7hkcQ==",
      "dev": true,
      "dependencies": {
        "ansi-regex": "^6.0.1"
      },
      "engines": {
        "node": ">=12"
      },
      "funding": {
        "url": "https://github.com/chalk/strip-ansi?sponsor=1"
      }
    },
    "node_modules/strip-ansi-cjs": {
      "name": "strip-ansi",
      "version": "6.0.1",
      "resolved": "https://registry.npmjs.org/strip-ansi/-/strip-ansi-6.0.1.tgz",
      "integrity": "sha512-Y38VPSHcqkFrCpFnQ9vuSXmquuv5oXOKpGeT6aGrr3o3Gc9AlVa6JBfUSOCnbxGGZF+/0ooI7KrPuUSztUdU5A==",
      "dev": true,
      "dependencies": {
        "ansi-regex": "^5.0.1"
      },
      "engines": {
        "node": ">=8"
      }
    },
    "node_modules/strip-ansi-cjs/node_modules/ansi-regex": {
      "version": "5.0.1",
      "resolved": "https://registry.npmjs.org/ansi-regex/-/ansi-regex-5.0.1.tgz",
      "integrity": "sha512-quJQXlTSUGL2LH9SUXo8VwsY4soanhgo6LNSm84E1LBcE8s3O0wpdiRzyR9z/ZZJMlMWv37qOOb9pdJlMUEKFQ==",
      "dev": true,
      "engines": {
        "node": ">=8"
      }
    },
    "node_modules/supports-color": {
      "version": "5.5.0",
      "resolved": "https://registry.npmjs.org/supports-color/-/supports-color-5.5.0.tgz",
      "integrity": "sha512-QjVjwdXIt408MIiAqCX4oUKsgU2EqAGzs2Ppkm4aQYbjm+ZEWEcW4SfFNTr4uMNZma0ey4f5lgLrkB0aX0QMow==",
      "dev": true,
      "dependencies": {
        "has-flag": "^3.0.0"
      },
      "engines": {
        "node": ">=4"
      }
    },
    "node_modules/union": {
      "version": "0.5.0",
      "resolved": "https://registry.npmjs.org/union/-/union-0.5.0.tgz",
      "integrity": "sha512-N6uOhuW6zO95P3Mel2I2zMsbsanvvtgn6jVqJv4vbVcz/JN0OkL9suomjQGmWtxJQXOCqUJvquc1sMeNz/IwlA==",
      "dev": true,
      "dependencies": {
        "qs": "^6.4.0"
      },
      "engines": {
        "node": ">= 0.8.0"
      }
    },
    "node_modules/uri-js": {
      "version": "4.4.1",
      "resolved": "https://registry.npmjs.org/uri-js/-/uri-js-4.4.1.tgz",
      "integrity": "sha512-7rKUyy33Q1yc98pQ1DAmLtwX109F7TIfWlW1Ydo8Wl1ii1SeHieeh0HHfPeL2fMXK6z0s8ecKs9frCuLJvndBg==",
      "dev": true,
      "dependencies": {
        "punycode": "^2.1.0"
      }
    },
    "node_modules/url-join": {
      "version": "4.0.1",
      "resolved": "https://registry.npmjs.org/url-join/-/url-join-4.0.1.tgz",
      "integrity": "sha512-jk1+QP6ZJqyOiuEI9AEWQfju/nB2Pw466kbA0LEZljHwKeMgd9WrAEgEGxjPDD2+TNbbb37rTyhEfrCXfuKXnA==",
      "dev": true
    },
    "node_modules/whatwg-encoding": {
      "version": "2.0.0",
      "resolved": "https://registry.npmjs.org/whatwg-encoding/-/whatwg-encoding-2.0.0.tgz",
      "integrity": "sha512-p41ogyeMUrw3jWclHWTQg1k05DSVXPLcVxRTYsXUk+ZooOCZLcoYgPZ/HL/D/N+uQPOtcp1me1WhBEaX02mhWg==",
      "dev": true,
      "dependencies": {
        "iconv-lite": "0.6.3"
      },
      "engines": {
        "node": ">=12"
      }
    },
    "node_modules/which": {
      "version": "2.0.2",
      "resolved": "https://registry.npmjs.org/which/-/which-2.0.2.tgz",
      "integrity": "sha512-BLI3Tl1TW3Pvl70l3yq3Y64i+awpwXqsGBYWkkqMtnbXgrMD+yj7rhW0kuEDxzJaYXGjEW5ogapKNMEKNMjibA==",
      "dev": true,
      "dependencies": {
        "isexe": "^2.0.0"
      },
      "bin": {
        "node-which": "bin/node-which"
      },
      "engines": {
        "node": ">= 8"
      }
    },
    "node_modules/wrap-ansi": {
      "version": "8.1.0",
      "resolved": "https://registry.npmjs.org/wrap-ansi/-/wrap-ansi-8.1.0.tgz",
      "integrity": "sha512-si7QWI6zUMq56bESFvagtmzMdGOtoxfR+Sez11Mobfc7tm+VkUckk9bW2UeffTGVUbOksxmSw0AA2gs8g71NCQ==",
      "dev": true,
      "dependencies": {
        "ansi-styles": "^6.1.0",
        "string-width": "^5.0.1",
        "strip-ansi": "^7.0.1"
      },
      "engines": {
        "node": ">=12"
      },
      "funding": {
        "url": "https://github.com/chalk/wrap-ansi?sponsor=1"
      }
    },
    "node_modules/wrap-ansi-cjs": {
      "name": "wrap-ansi",
      "version": "7.0.0",
      "resolved": "https://registry.npmjs.org/wrap-ansi/-/wrap-ansi-7.0.0.tgz",
      "integrity": "sha512-YVGIj2kamLSTxw6NsZjoBxfSwsn0ycdesmc4p+Q21c5zPuZ1pl+NfxVdxPtdHvmNVOQ6XSYG4AUtyt/Fi7D16Q==",
      "dev": true,
      "dependencies": {
        "ansi-styles": "^4.0.0",
        "string-width": "^4.1.0",
        "strip-ansi": "^6.0.0"
      },
      "engines": {
        "node": ">=10"
      },
      "funding": {
        "url": "https://github.com/chalk/wrap-ansi?sponsor=1"
      }
    },
    "node_modules/wrap-ansi-cjs/node_modules/ansi-regex": {
      "version": "5.0.1",
      "resolved": "https://registry.npmjs.org/ansi-regex/-/ansi-regex-5.0.1.tgz",
      "integrity": "sha512-quJQXlTSUGL2LH9SUXo8VwsY4soanhgo6LNSm84E1LBcE8s3O0wpdiRzyR9z/ZZJMlMWv37qOOb9pdJlMUEKFQ==",
      "dev": true,
      "engines": {
        "node": ">=8"
      }
    },
    "node_modules/wrap-ansi-cjs/node_modules/ansi-styles": {
      "version": "4.3.0",
      "resolved": "https://registry.npmjs.org/ansi-styles/-/ansi-styles-4.3.0.tgz",
      "integrity": "sha512-zbB9rCJAT1rbjiVDb2hqKFHNYLxgtk8NURxZ3IZwD3F6NtxbXZQCnnSi1Lkx+IDohdPlFp222wVALIheZJQSEg==",
      "dev": true,
      "dependencies": {
        "color-convert": "^2.0.1"
      },
      "engines": {
        "node": ">=8"
      },
      "funding": {
        "url": "https://github.com/chalk/ansi-styles?sponsor=1"
      }
    },
    "node_modules/wrap-ansi-cjs/node_modules/color-convert": {
      "version": "2.0.1",
      "resolved": "https://registry.npmjs.org/color-convert/-/color-convert-2.0.1.tgz",
      "integrity": "sha512-RRECPsj7iu/xb5oKYcsFHSppFNnsj/52OVTRKb4zP5onXwVF3zVmmToNcOfGC+CRDpfK/U584fMg38ZHCaElKQ==",
      "dev": true,
      "dependencies": {
        "color-name": "~1.1.4"
      },
      "engines": {
        "node": ">=7.0.0"
      }
    },
    "node_modules/wrap-ansi-cjs/node_modules/color-name": {
      "version": "1.1.4",
      "resolved": "https://registry.npmjs.org/color-name/-/color-name-1.1.4.tgz",
      "integrity": "sha512-dOy+3AuW3a2wNbZHIuMZpTcgjGuLU/uBL/ubcZF9OXbDo8ff4O8yVp5Bf0efS8uEoYo5q4Fx7dY9OgQGXgAsQA==",
      "dev": true
    },
    "node_modules/wrap-ansi-cjs/node_modules/emoji-regex": {
      "version": "8.0.0",
      "resolved": "https://registry.npmjs.org/emoji-regex/-/emoji-regex-8.0.0.tgz",
      "integrity": "sha512-MSjYzcWNOA0ewAHpz0MxpYFvwg6yjy1NG3xteoqz644VCo/RPgnr1/GGt+ic3iJTzQ8Eu3TdM14SawnVUmGE6A==",
      "dev": true
    },
    "node_modules/wrap-ansi-cjs/node_modules/string-width": {
      "version": "4.2.3",
      "resolved": "https://registry.npmjs.org/string-width/-/string-width-4.2.3.tgz",
      "integrity": "sha512-wKyQRQpjJ0sIp62ErSZdGsjMJWsap5oRNihHhu6G7JVO/9jIB6UyevL+tXuOqrng8j/cxKTWyWUwvSTriiZz/g==",
      "dev": true,
      "dependencies": {
        "emoji-regex": "^8.0.0",
        "is-fullwidth-code-point": "^3.0.0",
        "strip-ansi": "^6.0.1"
      },
      "engines": {
        "node": ">=8"
      }
    },
    "node_modules/wrap-ansi-cjs/node_modules/strip-ansi": {
      "version": "6.0.1",
      "resolved": "https://registry.npmjs.org/strip-ansi/-/strip-ansi-6.0.1.tgz",
      "integrity": "sha512-Y38VPSHcqkFrCpFnQ9vuSXmquuv5oXOKpGeT6aGrr3o3Gc9AlVa6JBfUSOCnbxGGZF+/0ooI7KrPuUSztUdU5A==",
      "dev": true,
      "dependencies": {
        "ansi-regex": "^5.0.1"
      },
      "engines": {
        "node": ">=8"
      }
    },
    "node_modules/wrap-ansi/node_modules/ansi-styles": {
      "version": "6.2.1",
      "resolved": "https://registry.npmjs.org/ansi-styles/-/ansi-styles-6.2.1.tgz",
      "integrity": "sha512-bN798gFfQX+viw3R7yrGWRqnrN2oRkEkUjjl4JNn4E8GxxbjtG3FbrEIIY3l8/hrwUwIeCZvi4QuOTP4MErVug==",
      "dev": true,
      "engines": {
        "node": ">=12"
      },
      "funding": {
        "url": "https://github.com/chalk/ansi-styles?sponsor=1"
      }
    },
    "node_modules/yallist": {
      "version": "4.0.0",
      "resolved": "https://registry.npmjs.org/yallist/-/yallist-4.0.0.tgz",
      "integrity": "sha512-3wdGidZyq5PB084XLES5TpOSRA3wjXAlIWMhum2kRcv/41Sn2emQ0dycQW4uZXLejwKvg6EsvbdlVL+FYEct7A==",
      "dev": true
    }
  }
}
